Name,Field,Type,Pos,Setpoint,Readback,Last Setpoint,Tolerance,Writable
LS1_CA01:CAV1_D1127,PHA,CAV,112.5901,130.4,178.977,130.4,0.01,True
LS1_CA01:CAV1_D1127,PHA_CREST,CAV,112.5901,0,0,0,0.01,True
LS1_CA01:CAV1_D1127,AMP,CAV,112.5901,1.738,0,2,0.01,True
LS1_CA01:CAV1_D1127,AMP_COEF,CAV,112.5901,1,1,1,0.01,True
LS1_CA01:SOL1_D1132,I,SOL,113.0009,30.406,0.005,0,0.01,True
LS1_CA01:DCH_D1132,I,HCOR,113.1574,0.2818,0.002,0,0.01,True
LS1_CA01:DCV_D1132,I,VCOR,113.1574,-0.45122,-0.001,0,0.01,True
LS1_CA01:CAV2_D1136,PHA,CAV,113.4318,-47.4,-33.408,-47.4,0.01,True
LS1_CA01:CAV2_D1136,PHA_CREST,CAV,113.4318,0,0,0,0.01,True
LS1_CA01:CAV2_D1136,AMP,CAV,113.4318,1.95859014617097,0,2,0.01,True
LS1_CA01:CAV2_D1136,AMP_COEF,CAV,113.4318,1,1,1,0.01,True
LS1_CA01:CAV3_D1142,PHA,CAV,114.0653,46.3,165.71,46.3,0.01,True
LS1_CA01:CAV3_D1142,PHA_CREST,CAV,114.0653,0,0,0,0.01,True
LS1_CA01:CAV3_D1142,AMP,CAV,114.0653,2.3137984381914,0,2,0.01,True
LS1_CA01:CAV3_D1142,AMP_COEF,CAV,114.0653,1,1,1,0.01,True
LS1_CA01:SOL2_D1146,I,SOL,114.4761,34.71,0.003,0,0.01,True
LS1_CA01:DCH_D1146,I,HCOR,114.6326,0.21449,0,0,0.01,True
LS1_CA01:DCV_D1146,I,VCOR,114.6326,-0.14999,0.001,0,0.01,True
LS1_CA01:CAV4_D1150,PHA,CAV,114.907,-59.1,-97.259,-59.1,0.01,True
LS1_CA01:CAV4_D1150,PHA_CREST,CAV,114.907,0,0,0,0.01,True
LS1_CA01:CAV4_D1150,AMP,CAV,114.907,2.17121520114167,0,2,0.01,True
LS1_CA01:CAV4_D1150,AMP_COEF,CAV,114.907,1,1,1,0.01,True
LS1_CA02:CAV1_D1161,PHA,CAV,115.9632,77.4,68.208,77.4,0.01,True
LS1_CA02:CAV1_D1161,PHA_CREST,CAV,115.9632,0,0,0,0.01,True
LS1_CA02:CAV1_D1161,AMP,CAV,115.9632,2.4925843805725,0,2,0.01,True
LS1_CA02:CAV1_D1161,AMP_COEF,CAV,115.9632,1,1,1,0.01,True
LS1_CA02:SOL1_D1165,I,SOL,116.374,36.393,0.004,0,0.01,True
LS1_CA02:DCH_D1165,I,HCOR,116.5305,-0.22883,0.001,0,0.01,True
LS1_CA02:DCV_D1165,I,VCOR,116.5305,0.08098,0,0,0.01,True
LS1_CA02:CAV2_D1169,PHA,CAV,116.8049,18.8,-33.799,18.8,0.01,True
LS1_CA02:CAV2_D1169,PHA_CREST,CAV,116.8049,0,0,0,0.01,True
LS1_CA02:CAV2_D1169,AMP,CAV,116.8049,2.95105612508022,0,2,0.01,True
LS1_CA02:CAV2_D1169,AMP_COEF,CAV,116.8049,1,1,1,0.01,True
LS1_CA02:CAV3_D1176,PHA,CAV,117.4384,60.4,80.135,60.4,0.01,True
LS1_CA02:CAV3_D1176,PHA_CREST,CAV,117.4384,0,0,0,0.01,True
LS1_CA02:CAV3_D1176,AMP,CAV,117.4384,3.19289910631796,0,2,0.01,True
LS1_CA02:CAV3_D1176,AMP_COEF,CAV,117.4384,1,1,1,0.01,True
LS1_CA02:SOL2_D1180,I,SOL,117.8492,38.854,0.003,0,0.01,True
LS1_CA02:DCH_D1180,I,HCOR,118.0057,0.31108,-0.001,0,0.01,True
LS1_CA02:DCV_D1180,I,VCOR,118.0057,-0.90496,0.001,0,0.01,True
LS1_CA02:CAV4_D1184,PHA,CAV,118.2801,75.5,110.898,75.5,0.01,True
LS1_CA02:CAV4_D1184,PHA_CREST,CAV,118.2801,0,0,0,0.01,True
LS1_CA02:CAV4_D1184,AMP,CAV,118.2801,2.8372728303022,0,2,0.01,True
LS1_CA02:CAV4_D1184,AMP_COEF,CAV,118.2801,1,1,1,0.01,True
LS1_CA03:CAV1_D1195,PHA,CAV,119.3363,176.9,112.898,176.9,0.01,True
LS1_CA03:CAV1_D1195,PHA_CREST,CAV,119.3363,0,0,0,0.01,True
LS1_CA03:CAV1_D1195,AMP,CAV,119.3363,3.07340734690136,0,2,0.01,True
LS1_CA03:CAV1_D1195,AMP_COEF,CAV,119.3363,1,1,1,0.01,True
LS1_CA03:SOL1_D1199,I,SOL,119.7471,38.705,0.009,0,0.01,True
LS1_CA03:DCH_D1199,I,HCOR,119.9035,0.40546,0,0,0.01,True
LS1_CA03:DCV_D1199,I,VCOR,119.9035,-0.13953,0,0,0.01,True
LS1_CA03:CAV2_D1203,PHA,CAV,120.178,-53.5,58.287,-53.5,0.01,True
LS1_CA03:CAV2_D1203,PHA_CREST,CAV,120.178,0,0,0,0.01,True
LS1_CA03:CAV2_D1203,AMP,CAV,120.178,2.77857010520499,0,2,0.01,True
LS1_CA03:CAV2_D1203,AMP_COEF,CAV,120.178,1,1,1,0.01,True
LS1_CA03:CAV3_D1209,PHA,CAV,120.8115,-135.8,-101.056,-135.8,0.01,True
LS1_CA03:CAV3_D1209,PHA_CREST,CAV,120.8115,0,0,0,0.01,True
LS1_CA03:CAV3_D1209,AMP,CAV,120.8115,3.00730796922731,0,2,0.01,True
LS1_CA03:CAV3_D1209,AMP_COEF,CAV,120.8115,1,1,1,0.01,True
LS1_CA03:SOL2_D1214,I,SOL,121.2223,38.01,0.007,0,0.01,True
LS1_CA03:DCH_D1214,I,HCOR,121.3788,-0.61594,0,0,0.01,True
LS1_CA03:DCV_D1214,I,VCOR,121.3788,-0.3338,0.001,0,0.01,True
LS1_CA03:CAV4_D1218,PHA,CAV,121.6532,-135,87.36,-135,0.01,True
LS1_CA03:CAV4_D1218,PHA_CREST,CAV,121.6532,0,0,0,0.01,True
LS1_CA03:CAV4_D1218,AMP,CAV,121.6532,3.19,0,2,0.01,True
LS1_CA03:CAV4_D1218,AMP_COEF,CAV,121.6532,1,1,1,0.01,True
LS1_CB01:CAV1_D1229,PHA,CAV,122.7386,37.2,38.135,37.2,0.01,True
LS1_CB01:CAV1_D1229,PHA_CREST,CAV,122.7386,0,0,0,0.01,True
LS1_CB01:CAV1_D1229,AMP,CAV,122.7386,3.06795843034021,0,5.6,0.01,True
LS1_CB01:CAV1_D1229,AMP_COEF,CAV,122.7386,1,1,1,0.01,True
LS1_CB01:SOL1_D1235,I,SOL,123.2662,32.033,0.011,0,0.01,True
LS1_CB01:DCH_D1235,I,HCOR,123.5162,0.04447,-0.001,0,0.01,True
LS1_CB01:DCV_D1235,I,VCOR,123.5162,0.23194,0.001,0,0.01,True
LS1_CB01:CAV2_D1241,PHA,CAV,123.9409,6,74.111,6,0.01,True
LS1_CB01:CAV2_D1241,PHA_CREST,CAV,123.9409,0,0,0,0.01,True
LS1_CB01:CAV2_D1241,AMP,CAV,123.9409,3.37100845817407,0,5.6,0.01,True
LS1_CB01:CAV2_D1241,AMP_COEF,CAV,123.9409,1,1,1,0.01,True
LS1_CB01:CAV3_D1245,PHA,CAV,124.3386,42,0.314,42,0.01,True
LS1_CB01:CAV3_D1245,PHA_CREST,CAV,124.3386,0,0,0,0.01,True
LS1_CB01:CAV3_D1245,AMP,CAV,124.3386,3.27239916281056,0,5.6,0.01,True
LS1_CB01:CAV3_D1245,AMP_COEF,CAV,124.3386,1,1,1,0.01,True
LS1_CB01:CAV4_D1249,PHA,CAV,124.7363,14.6,166.968,14.6,0.01,True
LS1_CB01:CAV4_D1249,PHA_CREST,CAV,124.7363,0,0,0,0.01,True
LS1_CB01:CAV4_D1249,AMP,CAV,124.7363,3.3543847580763,0,5.6,0.01,True
LS1_CB01:CAV4_D1249,AMP_COEF,CAV,124.7363,1,1,1,0.01,True
LS1_CB01:SOL2_D1255,I,SOL,125.2639,35.857,0.006,0,0.01,True
LS1_CB01:DCH_D1255,I,HCOR,125.5139,0.1,-0.001,0,0.01,True
LS1_CB01:DCV_D1255,I,VCOR,125.5139,0.15,0,0,0.01,True
LS1_CB01:CAV5_D1261,PHA,CAV,125.9387,166.6,-171.156,166.6,0.01,True
LS1_CB01:CAV5_D1261,PHA_CREST,CAV,125.9387,0,0,0,0.01,True
LS1_CB01:CAV5_D1261,AMP,CAV,125.9387,3.49210196555379,0,5.6,0.01,True
LS1_CB01:CAV5_D1261,AMP_COEF,CAV,125.9387,1,1,1,0.01,True
LS1_CB01:CAV6_D1265,PHA,CAV,126.3364,-144.3,-131.468,-144.3,0.01,True
LS1_CB01:CAV6_D1265,PHA_CREST,CAV,126.3364,0,0,0,0.01,True
LS1_CB01:CAV6_D1265,AMP,CAV,126.3364,3.31,0,5.6,0.01,True
LS1_CB01:CAV6_D1265,AMP_COEF,CAV,126.3364,1,1,1,0.01,True
LS1_CB01:CAV7_D1269,PHA,CAV,126.734,39.6,126.678,39.6,0.01,True
LS1_CB01:CAV7_D1269,PHA_CREST,CAV,126.734,0,0,0,0.01,True
LS1_CB01:CAV7_D1269,AMP,CAV,126.734,3.35833980074115,0,5.6,0.01,True
LS1_CB01:CAV7_D1269,AMP_COEF,CAV,126.734,1,1,1,0.01,True
LS1_CB01:SOL3_D1275,I,SOL,127.2617,39.07,0.007,0,0.01,True
LS1_CB01:DCH_D1275,I,HCOR,127.5117,0.24,0,0,0.01,True
LS1_CB01:DCV_D1275,I,VCOR,127.5117,0.28,0.001,0,0.01,True
LS1_CB01:CAV8_D1281,PHA,CAV,127.9364,39.8,171.698,39.8,0.01,True
LS1_CB01:CAV8_D1281,PHA_CREST,CAV,127.9364,0,0,0,0.01,True
LS1_CB01:CAV8_D1281,AMP,CAV,127.9364,3.36717824225399,0,5.6,0.01,True
LS1_CB01:CAV8_D1281,AMP_COEF,CAV,127.9364,1,1,1,0.01,True
LS1_CB02:CAV1_D1293,PHA,CAV,129.111,68.8,-11.509,68.8,0.01,True
LS1_CB02:CAV1_D1293,PHA_CREST,CAV,129.111,0,0,0,0.01,True
LS1_CB02:CAV1_D1293,AMP,CAV,129.111,3.30991577462547,0,5.6,0.01,True
LS1_CB02:CAV1_D1293,AMP_COEF,CAV,129.111,1,1,1,0.01,True
LS1_CB02:SOL1_D1299,I,SOL,129.6386,39.628,0.009,0,0.01,True
LS1_CB02:DCH_D1299,I,HCOR,129.8886,0.01,0,0,0.01,True
LS1_CB02:DCV_D1299,I,VCOR,129.8886,0.09,-0.005,0,0.01,True
LS1_CB02:CAV2_D1305,PHA,CAV,130.3134,113.2,35.428,113.2,0.01,True
LS1_CB02:CAV2_D1305,PHA_CREST,CAV,130.3134,0,0,0,0.01,True
LS1_CB02:CAV2_D1305,AMP,CAV,130.3134,3.34570949055097,0,5.6,0.01,True
LS1_CB02:CAV2_D1305,AMP_COEF,CAV,130.3134,1,1,1,0.01,True
LS1_CB02:CAV3_D1309,PHA,CAV,130.7111,136.4,-118.787,136.4,0.01,True
LS1_CB02:CAV3_D1309,PHA_CREST,CAV,130.7111,0,0,0,0.01,True
LS1_CB02:CAV3_D1309,AMP,CAV,130.7111,3.37343059336993,0,5.6,0.01,True
LS1_CB02:CAV3_D1309,AMP_COEF,CAV,130.7111,1,1,1,0.01,True
LS1_CB02:CAV4_D1313,PHA,CAV,131.1087,5.8,111.77,5.8,0.01,True
LS1_CB02:CAV4_D1313,PHA_CREST,CAV,131.1087,0,0,0,0.01,True
LS1_CB02:CAV4_D1313,AMP,CAV,131.1087,3.41691563331135,0,5.6,0.01,True
LS1_CB02:CAV4_D1313,AMP_COEF,CAV,131.1087,1,1,1,0.01,True
LS1_CB02:SOL2_D1319,I,SOL,131.6364,41.447,0.006,0,0.01,True
LS1_CB02:DCH_D1319,I,HCOR,131.8864,0.01,0,0,0.01,True
LS1_CB02:DCV_D1319,I,VCOR,131.8864,-0.15,0,0,0.01,True
LS1_CB02:CAV5_D1325,PHA,CAV,132.3111,-132.4,-122.987,-132.4,0.01,True
LS1_CB02:CAV5_D1325,PHA_CREST,CAV,132.3111,0,0,0,0.01,True
LS1_CB02:CAV5_D1325,AMP,CAV,132.3111,3.46328389683684,0,5.6,0.01,True
LS1_CB02:CAV5_D1325,AMP_COEF,CAV,132.3111,1,1,1,0.01,True
LS1_CB02:CAV6_D1329,PHA,CAV,132.7088,5,22.465,5,0.01,True
LS1_CB02:CAV6_D1329,PHA_CREST,CAV,132.7088,0,0,0,0.01,True
LS1_CB02:CAV6_D1329,AMP,CAV,132.7088,3.45665038966327,0,5.6,0.01,True
LS1_CB02:CAV6_D1329,AMP_COEF,CAV,132.7088,1,1,1,0.01,True
LS1_CB02:CAV7_D1333,PHA,CAV,133.1065,148.6,143.734,148.6,0.01,True
LS1_CB02:CAV7_D1333,PHA_CREST,CAV,133.1065,0,0,0,0.01,True
LS1_CB02:CAV7_D1333,AMP,CAV,133.1065,3.48657675268153,0,5.6,0.01,True
LS1_CB02:CAV7_D1333,AMP_COEF,CAV,133.1065,1,1,1,0.01,True
LS1_CB02:SOL3_D1339,I,SOL,133.6341,43.074,0.006,0,0.01,True
LS1_CB02:DCH_D1339,I,HCOR,133.8841,-0.3,0,0,0.01,True
LS1_CB02:DCV_D1339,I,VCOR,133.8841,0.6,-0.001,0,0.01,True
LS1_CB02:CAV8_D1345,PHA,CAV,134.3088,-166.8,108.077,-166.8,0.01,True
LS1_CB02:CAV8_D1345,PHA_CREST,CAV,134.3088,0,0,0,0.01,True
LS1_CB02:CAV8_D1345,AMP,CAV,134.3088,3.42487736137004,0,5.6,0.01,True
LS1_CB02:CAV8_D1345,AMP_COEF,CAV,134.3088,1,1,1,0.01,True
LS1_CB03:CAV1_D1356,PHA,CAV,135.4834,92.2,87.981,92.2,0.01,True
LS1_CB03:CAV1_D1356,PHA_CREST,CAV,135.4834,0,0,0,0.01,True
LS1_CB03:CAV1_D1356,AMP,CAV,135.4834,3.43907640424408,0,5.6,0.01,True
LS1_CB03:CAV1_D1356,AMP_COEF,CAV,135.4834,1,1,1,0.01,True
LS1_CB03:SOL1_D1363,I,SOL,136.0111,44.972,-0.001,0,0.01,True
LS1_CB03:DCH_D1363,I,HCOR,136.2611,-0.79,-0.001,0,0.01,True
LS1_CB03:DCV_D1363,I,VCOR,136.2611,-1.13,0,0,0.01,True
LS1_CB03:CAV2_D1368,PHA,CAV,136.6858,-156.7,-59.144,-156.7,0.01,True
LS1_CB03:CAV2_D1368,PHA_CREST,CAV,136.6858,0,0,0,0.01,True
LS1_CB03:CAV2_D1368,AMP,CAV,136.6858,3.38133021213736,0,5.6,0.01,True
LS1_CB03:CAV2_D1368,AMP_COEF,CAV,136.6858,1,1,1,0.01,True
LS1_CB03:CAV3_D1372,PHA,CAV,137.0835,-97.6,124.271,-97.6,0.01,True
LS1_CB03:CAV3_D1372,PHA_CREST,CAV,137.0835,0,0,0,0.01,True
LS1_CB03:CAV3_D1372,AMP,CAV,137.0835,3.558,0,5.6,0.01,True
LS1_CB03:CAV3_D1372,AMP_COEF,CAV,137.0835,1,1,1,0.01,True
LS1_CB03:CAV4_D1376,PHA,CAV,137.4812,-169.1,-63.018,-169.1,0.01,True
LS1_CB03:CAV4_D1376,PHA_CREST,CAV,137.4812,0,0,0,0.01,True
LS1_CB03:CAV4_D1376,AMP,CAV,137.4812,3.42660951219703,0,5.6,0.01,True
LS1_CB03:CAV4_D1376,AMP_COEF,CAV,137.4812,1,1,1,0.01,True
LS1_CB03:SOL2_D1383,I,SOL,138.0088,42.326,0,0,0.01,True
LS1_CB03:DCH_D1383,I,HCOR,138.2588,0.72,0,0,0.01,True
LS1_CB03:DCV_D1383,I,VCOR,138.2588,0.78,0,0,0.01,True
LS1_CB03:CAV5_D1388,PHA,CAV,138.6835,-98.5,80.392,-98.5,0.01,True
LS1_CB03:CAV5_D1388,PHA_CREST,CAV,138.6835,0,0,0,0.01,True
LS1_CB03:CAV5_D1388,AMP,CAV,138.6835,3.42001984596121,0,5.6,0.01,True
LS1_CB03:CAV5_D1388,AMP_COEF,CAV,138.6835,1,1,1,0.01,True
LS1_CB03:CAV6_D1392,PHA,CAV,139.0812,163,26.494,163,0.01,True
LS1_CB03:CAV6_D1392,PHA_CREST,CAV,139.0812,0,0,0,0.01,True
LS1_CB03:CAV6_D1392,AMP,CAV,139.0812,3.39250029277682,0,5.6,0.01,True
LS1_CB03:CAV6_D1392,AMP_COEF,CAV,139.0812,1,1,1,0.01,True
LS1_CB03:CAV7_D1396,PHA,CAV,139.4789,31.2,76.154,31.2,0.01,True
LS1_CB03:CAV7_D1396,PHA_CREST,CAV,139.4789,0,0,0,0.01,True
LS1_CB03:CAV7_D1396,AMP,CAV,139.4789,3.44806203390963,0,5.6,0.01,True
LS1_CB03:CAV7_D1396,AMP_COEF,CAV,139.4789,1,1,1,0.01,True
LS1_CB03:SOL3_D1403,I,SOL,140.0065,47.741,0.004,0,0.01,True
LS1_CB03:DCH_D1403,I,HCOR,140.2565,0.48881,-0.001,0,0.01,True
LS1_CB03:DCV_D1403,I,VCOR,140.2565,0.08973,-0.001,0,0.01,True
LS1_CB03:CAV8_D1408,PHA,CAV,140.6812,170,157.46,170,0.01,True
LS1_CB03:CAV8_D1408,PHA_CREST,CAV,140.6812,0,0,0,0.01,True
LS1_CB03:CAV8_D1408,AMP,CAV,140.6812,3.9,0,5.6,0.01,True
LS1_CB03:CAV8_D1408,AMP_COEF,CAV,140.6812,1,1,1,0.01,True
LS1_CB04:CAV1_D1420,PHA,CAV,141.8559,-19.2,40.422,-19.2,0.01,True
LS1_CB04:CAV1_D1420,PHA_CREST,CAV,141.8559,0,0,0,0.01,True
LS1_CB04:CAV1_D1420,AMP,CAV,141.8559,4.97,0,5.6,0.01,True
LS1_CB04:CAV1_D1420,AMP_COEF,CAV,141.8559,1,1,1,0.01,True
LS1_CB04:SOL1_D1426,I,SOL,142.3835,47.425,0.004,0,0.01,True
LS1_CB04:DCH_D1426,I,HCOR,142.6335,-0.01152,-0.001,0,0.01,True
LS1_CB04:DCV_D1426,I,VCOR,142.6335,0.63679,0,0,0.01,True
LS1_CB04:CAV2_D1432,PHA,CAV,143.0582,114.8,-89.961,114.8,0.01,True
LS1_CB04:CAV2_D1432,PHA_CREST,CAV,143.0582,0,0,0,0.01,True
LS1_CB04:CAV2_D1432,AMP,CAV,143.0582,4.85,0,5.6,0.01,True
LS1_CB04:CAV2_D1432,AMP_COEF,CAV,143.0582,1,1,1,0.01,True
LS1_CB04:CAV3_D1436,PHA,CAV,143.4559,39.6,-117.526,39.6,0.01,True
LS1_CB04:CAV3_D1436,PHA_CREST,CAV,143.4559,0,0,0,0.01,True
LS1_CB04:CAV3_D1436,AMP,CAV,143.4559,4.94,0,5.6,0.01,True
LS1_CB04:CAV3_D1436,AMP_COEF,CAV,143.4559,1,1,1,0.01,True
LS1_CB04:CAV4_D1440,PHA,CAV,143.8536,-28.7,0.113,-28.7,0.01,True
LS1_CB04:CAV4_D1440,PHA_CREST,CAV,143.8536,0,0,0,0.01,True
LS1_CB04:CAV4_D1440,AMP,CAV,143.8536,4.8,0,5.6,0.01,True
LS1_CB04:CAV4_D1440,AMP_COEF,CAV,143.8536,1,1,1,0.01,True
LS1_CB04:SOL2_D1446,I,SOL,144.3812,49.157,0.01,0,0.01,True
LS1_CB04:DCH_D1446,I,HCOR,144.6312,0.1029,-0.001,0,0.01,True
LS1_CB04:DCV_D1446,I,VCOR,144.6312,-0.94942,-0.001,0,0.01,True
LS1_CB04:CAV5_D1452,PHA,CAV,145.0559,-118.8,-77.733,-118.8,0.01,True
LS1_CB04:CAV5_D1452,PHA_CREST,CAV,145.0559,0,0,0,0.01,True
LS1_CB04:CAV5_D1452,AMP,CAV,145.0559,4.94,0,5.6,0.01,True
LS1_CB04:CAV5_D1452,AMP_COEF,CAV,145.0559,1,1,1,0.01,True
LS1_CB04:CAV6_D1456,PHA,CAV,145.4536,172.4,-173.355,172.4,0.01,True
LS1_CB04:CAV6_D1456,PHA_CREST,CAV,145.4536,0,0,0,0.01,True
LS1_CB04:CAV6_D1456,AMP,CAV,145.4536,4.96,0,5.6,0.01,True
LS1_CB04:CAV6_D1456,AMP_COEF,CAV,145.4536,1,1,1,0.01,True
LS1_CB04:CAV7_D1460,PHA,CAV,145.8513,114.9,-97.353,114.9,0.01,True
LS1_CB04:CAV7_D1460,PHA_CREST,CAV,145.8513,0,0,0,0.01,True
LS1_CB04:CAV7_D1460,AMP,CAV,145.8513,4.91,0,5.6,0.01,True
LS1_CB04:CAV7_D1460,AMP_COEF,CAV,145.8513,1,1,1,0.01,True
LS1_CB04:SOL3_D1466,I,SOL,146.3789,50.836,0.006,0,0.01,True
LS1_CB04:DCH_D1466,I,HCOR,146.6289,0.54266,-0.001,0,0.01,True
LS1_CB04:DCV_D1466,I,VCOR,146.6289,0.32934,0,0,0.01,True
LS1_CB04:CAV8_D1472,PHA,CAV,147.0537,-65.8,-111.765,-65.8,0.01,True
LS1_CB04:CAV8_D1472,PHA_CREST,CAV,147.0537,0,0,0,0.01,True
LS1_CB04:CAV8_D1472,AMP,CAV,147.0537,5.28,0,5.6,0.01,True
LS1_CB04:CAV8_D1472,AMP_COEF,CAV,147.0537,1,1,1,0.01,True
LS1_CB05:CAV1_D1484,PHA,CAV,148.2283,-30.6,28.794,-30.6,0.01,True
LS1_CB05:CAV1_D1484,PHA_CREST,CAV,148.2283,0,0,0,0.01,True
LS1_CB05:CAV1_D1484,AMP,CAV,148.2283,4.75,0,5.6,0.01,True
LS1_CB05:CAV1_D1484,AMP_COEF,CAV,148.2283,1,1,1,0.01,True
LS1_CB05:SOL1_D1490,I,SOL,148.7559,53.209,0.006,0,0.01,True
LS1_CB05:DCH_D1490,I,HCOR,149.0059,0.08649,0,0,0.01,True
LS1_CB05:DCV_D1490,I,VCOR,149.0059,0.10017,-0.001,0,0.01,True
LS1_CB05:CAV2_D1496,PHA,CAV,149.4306,51.9,97.99,51.9,0.01,True
LS1_CB05:CAV2_D1496,PHA_CREST,CAV,149.4306,0,0,0,0.01,True
LS1_CB05:CAV2_D1496,AMP,CAV,149.4306,4.709,0,5.6,0.01,True
LS1_CB05:CAV2_D1496,AMP_COEF,CAV,149.4306,1,1,1,0.01,True
LS1_CB05:CAV3_D1500,PHA,CAV,149.8283,-63.8,-91.83,-63.8,0.01,True
LS1_CB05:CAV3_D1500,PHA_CREST,CAV,149.8283,0,0,0,0.01,True
LS1_CB05:CAV3_D1500,AMP,CAV,149.8283,4.92,0,5.6,0.01,True
LS1_CB05:CAV3_D1500,AMP_COEF,CAV,149.8283,1,1,1,0.01,True
LS1_CB05:CAV4_D1504,PHA,CAV,150.226,-44.6,-108.502,-44.6,0.01,True
LS1_CB05:CAV4_D1504,PHA_CREST,CAV,150.226,0,0,0,0.01,True
LS1_CB05:CAV4_D1504,AMP,CAV,150.226,4.92,0,5.6,0.01,True
LS1_CB05:CAV4_D1504,AMP_COEF,CAV,150.226,1,1,1,0.01,True
LS1_CB05:SOL2_D1510,I,SOL,150.7536,48.251,0.004,0,0.01,True
LS1_CB05:DCH_D1510,I,HCOR,151.0036,0.0282,-0.001,0,0.01,True
LS1_CB05:DCV_D1510,I,VCOR,151.0036,-0.77878,0,0,0.01,True
LS1_CB05:CAV5_D1516,PHA,CAV,151.4284,71.7,-138.135,71.7,0.01,True
LS1_CB05:CAV5_D1516,PHA_CREST,CAV,151.4284,0,0,0,0.01,True
LS1_CB05:CAV5_D1516,AMP,CAV,151.4284,5.06,0,5.6,0.01,True
LS1_CB05:CAV5_D1516,AMP_COEF,CAV,151.4284,1,1,1,0.01,True
LS1_CB05:CAV6_D1520,PHA,CAV,151.8261,-119.8,-97.972,-119.8,0.01,True
LS1_CB05:CAV6_D1520,PHA_CREST,CAV,151.8261,0,0,0,0.01,True
LS1_CB05:CAV6_D1520,AMP,CAV,151.8261,4.885,0,5.6,0.01,True
LS1_CB05:CAV6_D1520,AMP_COEF,CAV,151.8261,1,1,1,0.01,True
LS1_CB05:CAV7_D1524,PHA,CAV,152.2237,115.1,87.461,115.1,0.01,True
LS1_CB05:CAV7_D1524,PHA_CREST,CAV,152.2237,0,0,0,0.01,True
LS1_CB05:CAV7_D1524,AMP,CAV,152.2237,4.85,0,5.6,0.01,True
LS1_CB05:CAV7_D1524,AMP_COEF,CAV,152.2237,1,1,1,0.01,True
LS1_CB05:SOL3_D1530,I,SOL,152.7514,54.862,0.005,0,0.01,True
LS1_CB05:DCH_D1530,I,HCOR,153.0014,0.60864,0,0,0.01,True
LS1_CB05:DCV_D1530,I,VCOR,153.0014,0.88604,-0.001,0,0.01,True
LS1_CB05:CAV8_D1536,PHA,CAV,153.4261,58.2,-156.779,58.2,0.01,True
LS1_CB05:CAV8_D1536,PHA_CREST,CAV,153.4261,0,0,0,0.01,True
LS1_CB05:CAV8_D1536,AMP,CAV,153.4261,4.93,0,5.6,0.01,True
LS1_CB05:CAV8_D1536,AMP_COEF,CAV,153.4261,1,1,1,0.01,True
LS1_CB06:CAV1_D1548,PHA,CAV,154.6007,-146.2,-11.567,-146.2,0.01,True
LS1_CB06:CAV1_D1548,PHA_CREST,CAV,154.6007,0,0,0,0.01,True
LS1_CB06:CAV1_D1548,AMP,CAV,154.6007,4.867,0,5.6,0.01,True
LS1_CB06:CAV1_D1548,AMP_COEF,CAV,154.6007,1,1,1,0.01,True
LS1_CB06:SOL1_D1554,I,SOL,155.1283,52.312,0.013,0,0.01,True
LS1_CB06:DCH_D1554,I,HCOR,155.3783,0.72424,0,0,0.01,True
LS1_CB06:DCV_D1554,I,VCOR,155.3783,-0.14064,0,0,0.01,True
LS1_CB06:CAV2_D1560,PHA,CAV,155.8031,20.8,-125.161,20.8,0.01,True
LS1_CB06:CAV2_D1560,PHA_CREST,CAV,155.8031,0,0,0,0.01,True
LS1_CB06:CAV2_D1560,AMP,CAV,155.8031,4.69,0,5.6,0.01,True
LS1_CB06:CAV2_D1560,AMP_COEF,CAV,155.8031,1,1,1,0.01,True
LS1_CB06:CAV3_D1564,PHA,CAV,156.2008,-20,15.924,-20,0.01,True
LS1_CB06:CAV3_D1564,PHA_CREST,CAV,156.2008,0,0,0,0.01,True
LS1_CB06:CAV3_D1564,AMP,CAV,156.2008,4.93,0,5.6,0.01,True
LS1_CB06:CAV3_D1564,AMP_COEF,CAV,156.2008,1,1,1,0.01,True
LS1_CB06:CAV4_D1567,PHA,CAV,156.5984,5.8,-45.078,5.8,0.01,True
LS1_CB06:CAV4_D1567,PHA_CREST,CAV,156.5984,0,0,0,0.01,True
LS1_CB06:CAV4_D1567,AMP,CAV,156.5984,4.8,0,5.6,0.01,True
LS1_CB06:CAV4_D1567,AMP_COEF,CAV,156.5984,1,1,1,0.01,True
LS1_CB06:SOL2_D1574,I,SOL,157.1261,51.934,0.002,0,0.01,True
LS1_CB06:DCH_D1574,I,HCOR,157.3761,0.60896,-0.001,0,0.01,True
LS1_CB06:DCV_D1574,I,VCOR,157.3761,-0.57684,0.001,0,0.01,True
LS1_CB06:CAV5_D1580,PHA,CAV,157.8008,92.2,-68.471,92.2,0.01,True
LS1_CB06:CAV5_D1580,PHA_CREST,CAV,157.8008,0,0,0,0.01,True
LS1_CB06:CAV5_D1580,AMP,CAV,157.8008,4.84930648974891,0,5.6,0.01,True
LS1_CB06:CAV5_D1580,AMP_COEF,CAV,157.8008,1,1,1,0.01,True
LS1_CB06:CAV6_D1583,PHA,CAV,158.1985,-107.2,-178.768,-107.2,0.01,True
LS1_CB06:CAV6_D1583,PHA_CREST,CAV,158.1985,0,0,0,0.01,True
LS1_CB06:CAV6_D1583,AMP,CAV,158.1985,4.83896196431559,0,5.6,0.01,True
LS1_CB06:CAV6_D1583,AMP_COEF,CAV,158.1985,1,1,1,0.01,True
LS1_CB06:CAV7_D1587,PHA,CAV,158.5962,90.2,-140.589,90.2,0.01,True
LS1_CB06:CAV7_D1587,PHA_CREST,CAV,158.5962,0,0,0,0.01,True
LS1_CB06:CAV7_D1587,AMP,CAV,158.5962,4.69139731087558,0,5.6,0.01,True
LS1_CB06:CAV7_D1587,AMP_COEF,CAV,158.5962,1,1,1,0.01,True
LS1_CB06:SOL3_D1594,I,SOL,159.1238,54.554,0.004,0,0.01,True
LS1_CB06:DCH_D1594,I,HCOR,159.3738,0.85995,0,0,0.01,True
LS1_CB06:DCV_D1594,I,VCOR,159.3738,0.61937,0,0,0.01,True
LS1_CB06:CAV8_D1599,PHA,CAV,159.7985,111.2,95.902,111.2,0.01,True
LS1_CB06:CAV8_D1599,PHA_CREST,CAV,159.7985,0,0,0,0.01,True
LS1_CB06:CAV8_D1599,AMP,CAV,159.7985,4.81423808826992,0,5.6,0.01,True
LS1_CB06:CAV8_D1599,AMP_COEF,CAV,159.7985,1,1,1,0.01,True
LS1_CB07:CAV1_D1611,PHA,CAV,160.9731,-82.8,-23.06,-82.8,0.01,True
LS1_CB07:CAV1_D1611,PHA_CREST,CAV,160.9731,0,0,0,0.01,True
LS1_CB07:CAV1_D1611,AMP,CAV,160.9731,4.73995748579038,0,5.6,0.01,True
LS1_CB07:CAV1_D1611,AMP_COEF,CAV,160.9731,1,1,1,0.01,True
LS1_CB07:SOL1_D1618,I,SOL,161.5008,55.468,0.003,0,0.01,True
LS1_CB07:DCH_D1618,I,HCOR,161.7508,0.30663,0,0,0.01,True
LS1_CB07:DCV_D1618,I,VCOR,161.7508,-0.21349,0.001,0,0.01,True
LS1_CB07:CAV2_D1623,PHA,CAV,162.1755,45.7,-119.207,45.7,0.01,True
LS1_CB07:CAV2_D1623,PHA_CREST,CAV,162.1755,0,0,0,0.01,True
LS1_CB07:CAV2_D1623,AMP,CAV,162.1755,4.78393750525884,0,5.6,0.01,True
LS1_CB07:CAV2_D1623,AMP_COEF,CAV,162.1755,1,1,1,0.01,True
LS1_CB07:CAV3_D1627,PHA,CAV,162.5732,55.2,-172.379,55.2,0.01,True
LS1_CB07:CAV3_D1627,PHA_CREST,CAV,162.5732,0,0,0,0.01,True
LS1_CB07:CAV3_D1627,AMP,CAV,162.5732,4.85520695589306,0,5.6,0.01,True
LS1_CB07:CAV3_D1627,AMP_COEF,CAV,162.5732,1,1,1,0.01,True
LS1_CB07:CAV4_D1631,PHA,CAV,162.9709,8.6,-63.99,8.6,0.01,True
LS1_CB07:CAV4_D1631,PHA_CREST,CAV,162.9709,0,0,0,0.01,True
LS1_CB07:CAV4_D1631,AMP,CAV,162.9709,4.54279480857011,0,5.6,0.01,True
LS1_CB07:CAV4_D1631,AMP_COEF,CAV,162.9709,1,1,1,0.01,True
LS1_CB07:SOL2_D1637,I,SOL,163.4985,51.363,0.006,0,0.01,True
LS1_CB07:DCH_D1637,I,HCOR,163.7485,0.69206,0,0,0.01,True
LS1_CB07:DCV_D1637,I,VCOR,163.7485,0.1257,0,0,0.01,True
LS1_CB07:CAV5_D1643,PHA,CAV,164.1732,-29.4,115.073,-29.4,0.01,True
LS1_CB07:CAV5_D1643,PHA_CREST,CAV,164.1732,0,0,0,0.01,True
LS1_CB07:CAV5_D1643,AMP,CAV,164.1732,4.79598463467639,0,5.6,0.01,True
LS1_CB07:CAV5_D1643,AMP_COEF,CAV,164.1732,1,1,1,0.01,True
LS1_CB07:CAV6_D1647,PHA,CAV,164.5709,-103,-96.193,-103,0.01,True
LS1_CB07:CAV6_D1647,PHA_CREST,CAV,164.5709,0,0,0,0.01,True
LS1_CB07:CAV6_D1647,AMP,CAV,164.5709,4.9,0,5.6,0.01,True
LS1_CB07:CAV6_D1647,AMP_COEF,CAV,164.5709,1,1,1,0.01,True
LS1_CB07:CAV7_D1651,PHA,CAV,164.9686,33.6,-58.649,33.6,0.01,True
LS1_CB07:CAV7_D1651,PHA_CREST,CAV,164.9686,0,0,0,0.01,True
LS1_CB07:CAV7_D1651,AMP,CAV,164.9686,4.79786291107151,0,5.6,0.01,True
LS1_CB07:CAV7_D1651,AMP_COEF,CAV,164.9686,1,1,1,0.01,True
LS1_CB07:SOL3_D1657,I,SOL,165.4962,55.248,0.002,0,0.01,True
LS1_CB07:DCH_D1657,I,HCOR,165.7462,0.4161,0,0,0.01,True
LS1_CB07:DCV_D1657,I,VCOR,165.7462,-0.05811,0,0,0.01,True
LS1_CB07:CAV8_D1663,PHA,CAV,166.1709,89,104.767,89,0.01,True
LS1_CB07:CAV8_D1663,PHA_CREST,CAV,166.1709,0,0,0,0.01,True
LS1_CB07:CAV8_D1663,AMP,CAV,166.1709,4.88032519655761,0,5.6,0.01,True
LS1_CB07:CAV8_D1663,AMP_COEF,CAV,166.1709,1,1,1,0.01,True
LS1_CB08:CAV1_D1675,PHA,CAV,167.3456,-1.3,66.594,-1.3,0.01,True
LS1_CB08:CAV1_D1675,PHA_CREST,CAV,167.3456,0,0,0,0.01,True
LS1_CB08:CAV1_D1675,AMP,CAV,167.3456,4.78989783996447,0,5.6,0.01,True
LS1_CB08:CAV1_D1675,AMP_COEF,CAV,167.3456,1,1,1,0.01,True
LS1_CB08:SOL1_D1681,I,SOL,167.8732,55.767,0.003,0,0.01,True
LS1_CB08:DCH_D1681,I,HCOR,168.1232,-0.02176,0,0,0.01,True
LS1_CB08:DCV_D1681,I,VCOR,168.1232,1.39227,-0.001,0,0.01,True
LS1_CB08:CAV2_D1687,PHA,CAV,168.5479,-148.6,-74.955,-148.6,0.01,True
LS1_CB08:CAV2_D1687,PHA_CREST,CAV,168.5479,0,0,0,0.01,True
LS1_CB08:CAV2_D1687,AMP,CAV,168.5479,4.93672928078255,0,5.6,0.01,True
LS1_CB08:CAV2_D1687,AMP_COEF,CAV,168.5479,1,1,1,0.01,True
LS1_CB08:CAV3_D1691,PHA,CAV,168.9456,143.4,-158.497,143.4,0.01,True
LS1_CB08:CAV3_D1691,PHA_CREST,CAV,168.9456,0,0,0,0.01,True
LS1_CB08:CAV3_D1691,AMP,CAV,168.9456,4.88080362450457,0,5.6,0.01,True
LS1_CB08:CAV3_D1691,AMP_COEF,CAV,168.9456,1,1,1,0.01,True
LS1_CB08:CAV4_D1695,PHA,CAV,169.3433,-82.7,168.806,-82.7,0.01,True
LS1_CB08:CAV4_D1695,PHA_CREST,CAV,169.3433,0,0,0,0.01,True
LS1_CB08:CAV4_D1695,AMP,CAV,169.3433,4.70883413480655,0,5.6,0.01,True
LS1_CB08:CAV4_D1695,AMP_COEF,CAV,169.3433,1,1,1,0.01,True
LS1_CB08:SOL2_D1701,I,SOL,169.8709,47.838,0.014,0,0.01,True
LS1_CB08:DCH_D1701,I,HCOR,170.1209,0.23216,-0.001,0,0.01,True
LS1_CB08:DCV_D1701,I,VCOR,170.1209,0.06129,0,0,0.01,True
LS1_CB08:CAV5_D1707,PHA,CAV,170.5456,-128.4,138.423,-128.4,0.01,True
LS1_CB08:CAV5_D1707,PHA_CREST,CAV,170.5456,0,0,0,0.01,True
LS1_CB08:CAV5_D1707,AMP,CAV,170.5456,4.76390963790163,0,5.6,0.01,True
LS1_CB08:CAV5_D1707,AMP_COEF,CAV,170.5456,1,1,1,0.01,True
LS1_CB08:CAV6_D1711,PHA,CAV,170.9433,61.8,-152.736,61.8,0.01,True
LS1_CB08:CAV6_D1711,PHA_CREST,CAV,170.9433,0,0,0,0.01,True
LS1_CB08:CAV6_D1711,AMP,CAV,170.9433,4.8901467464351,0,5.6,0.01,True
LS1_CB08:CAV6_D1711,AMP_COEF,CAV,170.9433,1,1,1,0.01,True
LS1_CB08:CAV7_D1715,PHA,CAV,171.341,-152.2,175.225,-152.2,0.01,True
LS1_CB08:CAV7_D1715,PHA_CREST,CAV,171.341,0,0,0,0.01,True
LS1_CB08:CAV7_D1715,AMP,CAV,171.341,4.8708330619556,0,5.6,0.01,True
LS1_CB08:CAV7_D1715,AMP_COEF,CAV,171.341,1,1,1,0.01,True
LS1_CB08:SOL3_D1721,I,SOL,171.8686,57.604,0.006,0,0.01,True
LS1_CB08:DCH_D1721,I,HCOR,172.1186,-0.11126,-0.001,0,0.01,True
LS1_CB08:DCV_D1721,I,VCOR,172.1186,-0.52711,-0.001,0,0.01,True
LS1_CB08:CAV8_D1727,PHA,CAV,172.5434,-101.7,-97.841,-101.7,0.01,True
LS1_CB08:CAV8_D1727,PHA_CREST,CAV,172.5434,0,0,0,0.01,True
LS1_CB08:CAV8_D1727,AMP,CAV,172.5434,4.87854571516444,0,5.6,0.01,True
LS1_CB08:CAV8_D1727,AMP_COEF,CAV,172.5434,1,1,1,0.01,True
LS1_CB09:CAV1_D1739,PHA,CAV,173.718,8.5,-3.15,8.5,0.01,True
LS1_CB09:CAV1_D1739,PHA_CREST,CAV,173.718,0,0,0,0.01,True
LS1_CB09:CAV1_D1739,AMP,CAV,173.718,4.69782240071747,0,5.6,0.01,True
LS1_CB09:CAV1_D1739,AMP_COEF,CAV,173.718,1,1,1,0.01,True
LS1_CB09:SOL1_D1745,I,SOL,174.2456,51.284,0.004,0,0.01,True
LS1_CB09:DCH_D1745,I,HCOR,174.4956,-0.31456,0,0,0.01,True
LS1_CB09:DCV_D1745,I,VCOR,174.4956,-0.32305,-0.001,0,0.01,True
LS1_CB09:CAV2_D1751,PHA,CAV,174.9203,59.4,80.336,59.4,0.01,True
LS1_CB09:CAV2_D1751,PHA_CREST,CAV,174.9203,0,0,0,0.01,True
LS1_CB09:CAV2_D1751,AMP,CAV,174.9203,4.6321038976135,0,5.6,0.01,True
LS1_CB09:CAV2_D1751,AMP_COEF,CAV,174.9203,1,1,1,0.01,True
LS1_CB09:CAV3_D1755,PHA,CAV,175.318,62.9,3.051,62.9,0.01,True
LS1_CB09:CAV3_D1755,PHA_CREST,CAV,175.318,0,0,0,0.01,True
LS1_CB09:CAV3_D1755,AMP,CAV,175.318,4.79188292991745,0,5.6,0.01,True
LS1_CB09:CAV3_D1755,AMP_COEF,CAV,175.318,1,1,1,0.01,True
LS1_CB09:CAV4_D1759,PHA,CAV,175.7157,-106.6,126.966,-106.6,0.01,True
LS1_CB09:CAV4_D1759,PHA_CREST,CAV,175.7157,0,0,0,0.01,True
LS1_CB09:CAV4_D1759,AMP,CAV,175.7157,4.73305243891077,0,5.6,0.01,True
LS1_CB09:CAV4_D1759,AMP_COEF,CAV,175.7157,1,1,1,0.01,True
LS1_CB09:SOL2_D1765,I,SOL,176.2433,54.536,0.013,0,0.01,True
LS1_CB09:DCH_D1765,I,HCOR,176.4933,-0.89148,0,0,0.01,True
LS1_CB09:DCV_D1765,I,VCOR,176.4933,-0.66875,0,0,0.01,True
LS1_CB09:CAV5_D1771,PHA,CAV,176.9181,-26.4,127.455,-26.4,0.01,True
LS1_CB09:CAV5_D1771,PHA_CREST,CAV,176.9181,0,0,0,0.01,True
LS1_CB09:CAV5_D1771,AMP,CAV,176.9181,5.10377225126585,0,5.6,0.01,True
LS1_CB09:CAV5_D1771,AMP_COEF,CAV,176.9181,1,1,1,0.01,True
LS1_CB09:CAV6_D1775,PHA,CAV,177.3158,168.4,107.231,168.4,0.01,True
LS1_CB09:CAV6_D1775,PHA_CREST,CAV,177.3158,0,0,0,0.01,True
LS1_CB09:CAV6_D1775,AMP,CAV,177.3158,4.74148106694814,0,5.6,0.01,True
LS1_CB09:CAV6_D1775,AMP_COEF,CAV,177.3158,1,1,1,0.01,True
LS1_CB09:CAV7_D1779,PHA,CAV,177.7134,-66.6,119.306,-66.6,0.01,True
LS1_CB09:CAV7_D1779,PHA_CREST,CAV,177.7134,0,0,0,0.01,True
LS1_CB09:CAV7_D1779,AMP,CAV,177.7134,4.66,0,3,0.01,True
LS1_CB09:CAV7_D1779,AMP_COEF,CAV,177.7134,1,1,1,0.01,True
LS1_CB09:SOL3_D1785,I,SOL,178.2411,51.846,0.005,0,0.01,True
LS1_CB09:DCH_D1785,I,HCOR,178.4911,0.37855,-0.001,0,0.01,True
LS1_CB09:DCV_D1785,I,VCOR,178.4911,-0.9191,0,0,0.01,True
LS1_CB09:CAV8_D1791,PHA,CAV,178.9158,-118.2,-73.075,-118.2,0.01,True
LS1_CB09:CAV8_D1791,PHA_CREST,CAV,178.9158,0,0,0,0.01,True
LS1_CB09:CAV8_D1791,AMP,CAV,178.9158,4.8,0,3,0.01,True
LS1_CB09:CAV8_D1791,AMP_COEF,CAV,178.9158,1,1,1,0.01,True
LS1_CB10:CAV1_D1802,PHA,CAV,180.0904,-145.8,78.42,-145.8,0.01,True
LS1_CB10:CAV1_D1802,PHA_CREST,CAV,180.0904,0,0,0,0.01,True
LS1_CB10:CAV1_D1802,AMP,CAV,180.0904,4.98,0,5.6,0.01,True
LS1_CB10:CAV1_D1802,AMP_COEF,CAV,180.0904,1,1,1,0.01,True
LS1_CB10:SOL1_D1809,I,SOL,180.618,55.767,-0.005,0,0.01,True
LS1_CB10:DCH_D1809,I,HCOR,180.868,-0.7537,-0.001,0,0.01,True
LS1_CB10:DCV_D1809,I,VCOR,180.868,0.40875,0.001,0,0.01,True
LS1_CB10:CAV2_D1814,PHA,CAV,181.2928,142.6,-66.66,142.6,0.01,True
LS1_CB10:CAV2_D1814,PHA_CREST,CAV,181.2928,0,0,0,0.01,True
LS1_CB10:CAV2_D1814,AMP,CAV,181.2928,4.89317246268463,0,5.6,0.01,True
LS1_CB10:CAV2_D1814,AMP_COEF,CAV,181.2928,1,1,1,0.01,True
LS1_CB10:CAV3_D1818,PHA,CAV,181.6904,39,-108.929,39,0.01,True
LS1_CB10:CAV3_D1818,PHA_CREST,CAV,181.6904,0,0,0,0.01,True
LS1_CB10:CAV3_D1818,AMP,CAV,181.6904,4.62831102893599,0,5.6,0.01,True
LS1_CB10:CAV3_D1818,AMP_COEF,CAV,181.6904,1,1,1,0.01,True
LS1_CB10:CAV4_D1822,PHA,CAV,182.0881,-131.8,-69.376,-131.8,0.01,True
LS1_CB10:CAV4_D1822,PHA_CREST,CAV,182.0881,0,0,0,0.01,True
LS1_CB10:CAV4_D1822,AMP,CAV,182.0881,4.87682549196944,0,5.6,0.01,True
LS1_CB10:CAV4_D1822,AMP_COEF,CAV,182.0881,1,1,1,0.01,True
LS1_CB10:SOL2_D1829,I,SOL,182.6157,48.339,0.008,0,0.01,True
LS1_CB10:DCH_D1829,I,HCOR,182.8657,0.27893,-0.001,0,0.01,True
LS1_CB10:DCV_D1829,I,VCOR,182.8657,-0.55431,-0.001,0,0.01,True
LS1_CB10:CAV5_D1834,PHA,CAV,183.2905,-156.1,142.003,-156.1,0.01,True
LS1_CB10:CAV5_D1834,PHA_CREST,CAV,183.2905,0,0,0,0.01,True
LS1_CB10:CAV5_D1834,AMP,CAV,183.2905,4.77,0,5.6,0.01,True
LS1_CB10:CAV5_D1834,AMP_COEF,CAV,183.2905,1,1,1,0.01,True
LS1_CB10:CAV6_D1838,PHA,CAV,183.6882,69.4,-114.185,69.4,0.01,True
LS1_CB10:CAV6_D1838,PHA_CREST,CAV,183.6882,0,0,0,0.01,True
LS1_CB10:CAV6_D1838,AMP,CAV,183.6882,4.85731058380587,0,5.6,0.01,True
LS1_CB10:CAV6_D1838,AMP_COEF,CAV,183.6882,1,1,1,0.01,True
LS1_CB10:CAV7_D1842,PHA,CAV,184.0859,167,42.569,167,0.01,True
LS1_CB10:CAV7_D1842,PHA_CREST,CAV,184.0859,0,0,0,0.01,True
LS1_CB10:CAV7_D1842,AMP,CAV,184.0859,4.79157762056996,0,5.6,0.01,True
LS1_CB10:CAV7_D1842,AMP_COEF,CAV,184.0859,1,1,1,0.01,True
LS1_CB10:SOL3_D1849,I,SOL,184.6135,52.743,0.009,0,0.01,True
LS1_CB10:DCH_D1849,I,HCOR,184.8635,-0.44094,0,0,0.01,True
LS1_CB10:DCV_D1849,I,VCOR,184.8635,-0.0753,0,0,0.01,True
LS1_CB10:CAV8_D1854,PHA,CAV,185.2882,-120.2,-153.383,-120.2,0.01,True
LS1_CB10:CAV8_D1854,PHA_CREST,CAV,185.2882,0,0,0,0.01,True
LS1_CB10:CAV8_D1854,AMP,CAV,185.2882,5.02481610713942,0,5.6,0.01,True
LS1_CB10:CAV8_D1854,AMP_COEF,CAV,185.2882,1,1,1,0.01,True
LS1_CB11:CAV1_D1866,PHA,CAV,186.4628,145,73.933,145,0.01,True
LS1_CB11:CAV1_D1866,PHA_CREST,CAV,186.4628,0,0,0,0.01,True
LS1_CB11:CAV1_D1866,AMP,CAV,186.4628,5.05594427098718,0,3,0.01,True
LS1_CB11:CAV1_D1866,AMP_COEF,CAV,186.4628,1,1,1,0.01,True
LS1_CB11:SOL1_D1872,I,SOL,186.9904,52.11,0.002,0,0.01,True
LS1_CB11:DCH_D1872,I,HCOR,187.2404,0.36313,-0.001,0,0.01,True
LS1_CB11:DCV_D1872,I,VCOR,187.2404,-0.08031,0.014,0,0.01,True
LS1_CB11:CAV2_D1878,PHA,CAV,187.6652,30,156.202,30,0.01,True
LS1_CB11:CAV2_D1878,PHA_CREST,CAV,187.6652,0,0,0,0.01,True
LS1_CB11:CAV2_D1878,AMP,CAV,187.6652,5.55,0,4,0.01,True
LS1_CB11:CAV2_D1878,AMP_COEF,CAV,187.6652,1,1,1,0.01,True
LS1_CB11:CAV3_D1882,PHA,CAV,188.0629,-170,116.426,-170,0.01,True
LS1_CB11:CAV3_D1882,PHA_CREST,CAV,188.0629,0,0,0,0.01,True
LS1_CB11:CAV3_D1882,AMP,CAV,188.0629,1.757,0,3,0.01,True
LS1_CB11:CAV3_D1882,AMP_COEF,CAV,188.0629,1,1,1,0.01,True
LS1_CB11:CAV4_D1886,PHA,CAV,188.4606,-15.7,25.973,-15.7,0.01,True
LS1_CB11:CAV4_D1886,PHA_CREST,CAV,188.4606,0,0,0,0.01,True
LS1_CB11:CAV4_D1886,AMP,CAV,188.4606,4.93,0,5.6,0.01,True
LS1_CB11:CAV4_D1886,AMP_COEF,CAV,188.4606,1,1,1,0.01,True
LS1_CB11:SOL2_D1892,I,SOL,188.9882,47.284,0.008,0,0.01,True
LS1_CB11:DCH_D1892,I,HCOR,189.2382,-0.43374,-0.002,0,0.01,True
LS1_CB11:DCV_D1892,I,VCOR,189.2382,-0.63955,0.008,0,0.01,True
LS1_CB11:CAV5_D1898,PHA,CAV,189.6629,42.5,136.086,42.5,0.01,True
LS1_CB11:CAV5_D1898,PHA_CREST,CAV,189.6629,0,0,0,0.01,True
LS1_CB11:CAV5_D1898,AMP,CAV,189.6629,4.93,0,5.6,0.01,True
LS1_CB11:CAV5_D1898,AMP_COEF,CAV,189.6629,1,1,1,0.01,True
LS1_CB11:CAV6_D1902,PHA,CAV,190.0606,-136,67.412,-136,0.01,True
LS1_CB11:CAV6_D1902,PHA_CREST,CAV,190.0606,0,0,0,0.01,True
LS1_CB11:CAV6_D1902,AMP,CAV,190.0606,4.74309838316162,0,5.6,0.01,True
LS1_CB11:CAV6_D1902,AMP_COEF,CAV,190.0606,1,1,1,0.01,True
LS1_CB11:CAV7_D1906,PHA,CAV,190.4583,43.4,-117.571,43.4,0.01,True
LS1_CB11:CAV7_D1906,PHA_CREST,CAV,190.4583,0,0,0,0.01,True
LS1_CB11:CAV7_D1906,AMP,CAV,190.4583,4.9111569741436,0,5.6,0.01,True
LS1_CB11:CAV7_D1906,AMP_COEF,CAV,190.4583,1,1,1,0.01,True
LS1_CB11:SOL3_D1912,I,SOL,190.9859,55.978,0.008,0,0.01,True
LS1_CB11:DCH_D1912,I,HCOR,191.2359,1.49589,0,0,0.01,True
LS1_CB11:DCV_D1912,I,VCOR,191.2359,1.10783,-0.001,0,0.01,True
LS1_CB11:CAV8_D1918,PHA,CAV,191.6606,124.5,-76.146,124.5,0.01,True
LS1_CB11:CAV8_D1918,PHA_CREST,CAV,191.6606,0,0,0,0.01,True
LS1_CB11:CAV8_D1918,AMP,CAV,191.6606,4.44,0,5.6,0.01,True
LS1_CB11:CAV8_D1918,AMP_COEF,CAV,191.6606,1,1,1,0.01,True
LS1_BTS:DCH_D1937,I,HCOR,193.7379,-19.5,0,-19.5,0.01,True
LS1_BTS:DCV_D1937,I,VCOR,193.7379,-7.741,0,-7.741,0.01,True
LS1_BTS:QH_D1942,I,QUAD,194.0879,44.71,0.001,44.71,0.01,True
LS1_BTS:QV_D1950,I,QUAD,194.8379,73.61,0.036,73.61,0.01,True
LS1_BTS:DCH_D1964,I,HCOR,196.3859,4.933,0,4.933,0.01,True
LS1_BTS:DCV_D1964,I,VCOR,196.3859,6.142,0,6.142,0.01,True
LS1_BTS:QH_D1969,I,QUAD,196.7359,77.28,0.01,77.28,0.01,True
LS1_BTS:QV_D1976,I,QUAD,197.4859,50.91,0.035,50.91,0.01,True
LS1_BTS:DCH_D1997,I,HCOR,199.7209,0.898,0,0.898,0.01,True
LS1_BTS:DCV_D1997,I,VCOR,199.7209,2.196,0,2.196,0.01,True
LS1_BTS:QH_D2002,I,QUAD,200.0709,74.63,0.109,74.63,0.01,True
LS1_BTS:QV_D2013,I,QUAD,201.2072,103.69,0,103.69,0.01,True
LS1_BTS:DCH_D2024,I,HCOR,202.4272,-0.822,0,-0.822,0.01,True
LS1_BTS:DCV_D2024,I,VCOR,202.4272,-0.839,0,-0.839,0.01,True
LS1_BTS:QH_D2029,I,QUAD,202.7772,86.75,0.081,86.75,0.01,True
LS1_BTS:QV_D2042,I,QUAD,204.1134,51.93,0.004,51.93,0.01,True
LS1_BTS:DCH_D2061,I,HCOR,206.0825,0.281,0,0.281,0.01,True
LS1_BTS:DCV_D2061,I,VCOR,206.0825,0.533,0,0.533,0.01,True
LS1_BTS:QV_D2066,I,QUAD,206.4325,57.22,0.124,57.22,0.01,True
LS1_BTS:QH_D2073,I,QUAD,207.1825,66.01,0.022,66.01,0.01,True
LS1_BTS:DCH_D2114,I,HCOR,211.3576,-2.604,0,-2.604,0.01,True
LS1_BTS:DCV_D2114,I,VCOR,211.3576,-0.5,0,-0.5,0.01,True
LS1_BTS:QV_D2118,I,QUAD,211.7076,57.98,0.041,57.98,0.01,True
LS1_BTS:QH_D2126,I,QUAD,212.4576,55.34,0.075,55.34,0.01,True
FS1_CH01:CAV1_D2137,PHA,CAV,213.5848,0,-80.822,0,0.01,True
FS1_CH01:CAV1_D2137,PHA_CREST,CAV,213.5848,0,0,0,0.01,True
FS1_CH01:CAV1_D2137,AMP,CAV,213.5848,5.6,0,5.6,0.01,True
FS1_CH01:CAV1_D2137,AMP_COEF,CAV,213.5848,1,1,1,0.01,True
FS1_CH01:CAV2_D2141,PHA,CAV,213.9825,0,67.15,0,0.01,True
FS1_CH01:CAV2_D2141,PHA_CREST,CAV,213.9825,0,0,0,0.01,True
FS1_CH01:CAV2_D2141,AMP,CAV,213.9825,5.6,0,5.6,0.01,True
FS1_CH01:CAV2_D2141,AMP_COEF,CAV,213.9825,1,1,1,0.01,True
FS1_CH01:CAV3_D2148,PHA,CAV,214.6777,0,-175.582,0,0.01,True
FS1_CH01:CAV3_D2148,PHA_CREST,CAV,214.6777,0,0,0,0.01,True
FS1_CH01:CAV3_D2148,AMP,CAV,214.6777,5.6,0,5.6,0.01,True
FS1_CH01:CAV3_D2148,AMP_COEF,CAV,214.6777,1,1,1,0.01,True
FS1_CH01:CAV4_D2152,PHA,CAV,215.0754,0,-35.416,0,0.01,True
FS1_CH01:CAV4_D2152,PHA_CREST,CAV,215.0754,0,0,0,0.01,True
FS1_CH01:CAV4_D2152,AMP,CAV,215.0754,5.6,0,5.6,0.01,True
FS1_CH01:CAV4_D2152,AMP_COEF,CAV,215.0754,1,1,1,0.01,True
FS1_CSS:DH_D2163,I,BEND,216.1703,117,-0.002,117,0.01,True
FS1_CSS:DH_D2169,I,BEND,216.7203,117,-0.002,117,0.01,True
FS1_CSS:DH_D2174,I,BEND,217.2703,117,-0.002,117,0.01,True
FS1_CSS:DH_D2180,I,BEND,217.8203,117,-0.002,117,0.01,True
FS1_CSS:DCH_D2189,I,HCOR,218.9453,0.086,0,0.086,0.01,True
FS1_CSS:DCV_D2189,I,VCOR,218.9453,-5.784,0,-5.784,0.01,True
FS1_CSS:QH_D2194,I,QUAD,219.2953,54.32,0.021,54.32,0.01,True
FS1_CSS:QV_D2202,I,QUAD,220.0832,71.81,0.084,71.81,0.01,True
FS1_CSS:DCH_D2210,I,HCOR,220.9832,1.747,0,1.747,0.01,True
FS1_CSS:DCV_D2210,I,VCOR,220.9832,4.375,0,4.375,0.01,True
FS1_CSS:QH_D2215,I,QUAD,221.3332,28.16,0.039,28.16,0.01,True
FS1_CSS:QV_D2220,I,QUAD,221.8332,0.05,0.026,0.05,0.01,True
FS1_CSS:QV_D2254,I,QUAD,225.2332,8.52,0.048,4.26,0.01,True
FS1_CSS:DCH_D2257,I,HCOR,225.6757,-1.206,0,-1.206,0.01,True
FS1_CSS:DCV_D2257,I,VCOR,225.6757,-1.5,0,-1.5,0.01,True
FS1_CSS:QH_D2260,I,QUAD,225.8832,33.8,0,16.9,0.01,True
FS1_CSS:QV_D2272,I,QUAD,227.0832,71.14,0.086,35.57,0.01,True
FS1_CSS:DCH_D2276,I,HCOR,227.5718,-4.219,0,-4.219,0.01,True
FS1_CSS:DCV_D2276,I,VCOR,227.5718,2.368,0,2.368,0.01,True
FS1_CSS:QH_D2280,I,QUAD,227.871,50.96,0.041,25.48,0.01,True
FS1_MGB01:CAV_D2325,PHA,CAV,232.4924,165,-121.35,165,0.01,True
FS1_MGB01:CAV_D2325,PHA_CREST,CAV,232.4924,0,0,0,0.01,True
FS1_MGB01:CAV_D2325,AMP,CAV,232.4924,900,0.08,900,0.01,True
FS1_MGB01:CAV_D2325,AMP_COEF,CAV,232.4924,1,1,1,0.01,True
FS1_CSS:DCH_D2351,I,HCOR,235.0983,2.757,0,2.757,0.01,True
FS1_CSS:DCV_D2351,I,VCOR,235.0983,-5.131,0,-5.131,0.01,True
FS1_CSS:QH_D2356,I,QUAD,235.4483,80.26,0.119,40,0.01,True
FS1_CSS:QH_D2362,I,QUAD,236.0733,103.7,0.076,51.85,0.01,True
FS1_CSS:DCH_D2367,I,HCOR,236.7233,-11.53,0,-11.53,0.01,True
FS1_CSS:DCV_D2367,I,VCOR,236.7233,5.538,0,5.538,0.01,True
FS1_CSS:QV_D2372,I,QUAD,237.0733,39.78,0.051,19.89,0.01,True
FS1_CSS:QH_D2377,I,QUAD,237.5733,0.1,0.094,0.05,0.01,True
FS1_CSS:DCH_D2381,I,HCOR,238.0683,2.285,0,2.285,0.01,True
FS1_CSS:DCV_D2381,I,VCOR,238.0683,-0.113,0,-0.113,0.01,True
FS1_BTS:DH_D2394,I,BEND,238.8582,0.211928457021713,0.001,0,0.01,True
FS1_BTS:DH_D2394,I_TC,BEND,238.8582,0,0,0,0.01,True
